Time (seconds),Requests,Throughput (requests/second),Minimum Latency (microseconds),25th Percentile Latency (microseconds),Median Latency (microseconds),Average Latency (microseconds),75th Percentile Latency (microseconds),90th Percentile Latency (microseconds),95th Percentile Latency (microseconds),99th Percentile Latency (microseconds),Maximum Latency (microseconds)
0,1780,1780.000,153,6225,6402,5613,6576,6756,7137,9928,12692
1,1794,1794.000,132,6360,6592,5582,6690,6835,6870,8501,9909
2,1795,1795.000,136,6351,6570,5568,6693,6833,6951,9773,10577
3,1803,1803.000,122,6241,6468,5531,6591,6750,6893,9495,9803
4,1901,1901.000,95,6035,6216,5249,6318,6438,6497,7804,10805
5,1867,1867.000,124,6062,6194,5352,6286,6425,6495,9250,13552
6,1905,1905.000,132,5933,6102,5253,6194,6330,6393,9240,10100
7,1948,1948.000,129,5865,6075,5133,6192,6316,6378,7804,9209
8,1928,1928.000,127,5896,6090,5167,6183,6316,6402,8673,12067
9,1918,1918.000,126,5871,6035,5214,6107,6262,6318,9082,10081
10,1958,1958.000,106,5839,6018,5108,6110,6258,6328,8827,9078
11,1870,1870.000,123,6084,6267,5346,6342,6514,6567,7880,9661
12,1847,1847.000,110,6037,6214,5398,6306,6459,7304,11892,13413
13,1960,1960.000,96,5848,6033,5100,6126,6267,6344,7539,9277
14,1916,1916.000,91,5950,6120,5208,6202,6366,6461,7748,9140
15,1899,1899.000,115,5973,6143,5268,6239,6415,6477,9921,10959
16,1901,1901.000,102,5969,6129,5253,6202,6377,6422,7991,10006
17,1665,1665.000,125,5983,6147,6000,6616,6861,10775,25139,30124
18,1785,1785.000,95,6411,6565,5601,6662,6822,6896,8556,11702
19,2415,2415.000,106,3414,4970,4133,5342,6488,6755,10565,10991
20,3325,3325.000,96,3356,3482,3001,3542,3643,3722,4036,8359
21,3241,3241.000,97,3300,3460,3085,3533,3668,3723,5302,44263
22,2942,2942.000,107,3339,3501,3395,3603,3813,6871,8669,43288
23,1929,1929.000,117,4019,5510,5179,6788,6994,7099,11171,44681
24,1759,1759.000,113,5028,6541,5677,6920,7099,7258,11508,58595
25,3261,3261.000,98,3344,3513,3058,3572,3754,3886,6982,7758
26,3317,3317.000,82,3368,3531,3014,3599,3739,3812,5266,7744
27,3359,3359.000,84,3342,3502,2973,3552,3691,3747,3917,5375
28,3313,3313.000,80,3384,3516,3017,3587,3701,3790,5133,7753
29,3377,3377.000,93,3329,3492,2952,3566,3677,3756,3940,5585
30,3316,3316.000,87,3368,3510,3012,3580,3714,3776,5169,7491
31,3239,3239.000,105,3315,3488,3083,3558,3715,3798,10566,11266
32,3366,3366.000,94,3338,3479,2967,3548,3679,3737,4317,7749
33,3361,3361.000,104,3346,3491,2970,3569,3713,3768,4047,5442
34,3428,3428.000,97,3297,3455,2919,3504,3566,3642,3972,7630
35,3390,3390.000,94,3315,3496,2945,3582,3700,3784,4019,6569
36,3413,3413.000,86,3281,3455,2925,3528,3607,3683,3823,7759
37,3363,3363.000,87,3339,3501,2969,3571,3639,3711,4022,7528
38,3361,3361.000,87,3338,3495,2975,3567,3676,3740,3988,5755
39,2604,2604.000,92,3522,3833,3827,4547,6753,7027,7286,10991
40,3009,3009.000,103,3381,3540,3316,3648,5298,6744,7055,9772
41,3076,3076.000,95,3383,3571,3253,3670,3861,5532,10796,15977
42,3285,3285.000,101,3374,3546,3038,3612,3759,3849,4100,5377
43,3271,3271.000,88,3380,3571,3044,3641,3788,3843,4414,9377
44,3315,3315.000,100,3367,3546,3018,3625,3776,3845,4202,5582
45,3319,3319.000,102,3363,3559,3006,3632,3793,3862,4196,7533
46,3310,3310.000,97,3383,3542,3017,3615,3736,3792,4012,5531
47,3325,3325.000,85,3369,3538,3002,3600,3696,3763,3915,7576
48,3254,3254.000,99,3406,3566,3065,3662,3800,4198,4488,5448
49,3304,3304.000,94,3383,3570,3019,3629,3768,3834,4045,7730
50,3239,3239.000,100,3448,3595,3084,3670,3815,3871,4104,5558
51,3276,3276.000,103,3377,3558,3048,3625,3766,3817,5362,7955
52,3291,3291.000,89,3405,3584,3029,3640,3691,3805,3954,5436
53,3276,3276.000,105,3384,3546,3047,3621,3795,3933,4571,8069
54,3297,3297.000,108,3372,3583,3032,3652,3824,3873,5320,7751
55,2920,2920.000,105,3376,3551,3425,3642,5055,5278,19986,30640
56,1192,1192.000,123,5256,9349,8394,11271,14306,17976,28248,31382
57,1545,1545.000,118,6130,6318,6465,7855,11040,12142,16962,19659
58,1882,1882.000,98,6055,6220,5291,6347,6482,6523,7916,8027
59,1884,1884.000,120,6085,6255,5329,6387,6507,6579,8265,11120
60,1791,1791.000,112,6133,6338,5565,6471,7857,9400,11948,12128
61,1848,1848.000,108,6119,6299,5415,6397,6575,7814,9190,10448
62,1868,1868.000,105,6117,6309,5366,6435,6579,6668,9057,9765
63,1812,1812.000,98,6259,6427,5493,6603,6737,6872,8643,9986
64,1800,1800.000,104,6309,6477,5556,6644,6757,6834,9662,10457
65,1813,1813.000,113,6257,6417,5487,6507,6671,6761,9787,10440
66,1811,1811.000,93,6313,6458,5530,6589,6750,6833,9412,11329
67,1806,1806.000,106,6289,6446,5543,6529,6682,6777,9511,10401
68,1795,1795.000,123,6361,6537,5542,6618,6758,6832,8567,10061
69,1790,1790.000,122,6383,6540,5602,6660,6811,6885,8504,9629
70,1772,1772.000,123,6377,6574,5634,6675,6827,6901,9356,9992
71,1839,1839.000,128,6093,6217,5422,6457,6646,6815,9813,10231
72,1883,1883.000,105,6040,6195,5318,6320,6447,6503,7983,9370
73,1898,1898.000,110,6026,6197,5263,6294,6446,6503,7790,9536
74,1867,1867.000,113,5914,6114,5356,6202,6348,7605,12396,14581
75,1964,1964.000,110,5834,6038,5092,6142,6269,6336,8546,9276
76,1920,1920.000,98,5912,6093,5185,6201,6309,6391,7850,10886
77,1898,1898.000,102,5930,6102,5275,6235,6336,6501,10141,15799
78,1925,1925.000,119,5996,6183,5196,6264,6392,6466,7792,9300
79,1731,1731.000,103,5984,6159,5762,6280,6468,7928,26308,34342
80,1876,1876.000,126,6039,6228,5322,6310,6684,6760,9011,15062
81,1920,1920.000,116,5938,6108,5204,6185,6257,6334,9051,10138
82,1916,1916.000,105,5995,6203,5226,6308,6463,6524,7968,9317
83,1855,1855.000,99,6181,6310,5387,6419,6567,6645,8092,9685
84,1741,1741.000,116,6182,6395,5734,6571,6803,8322,18362,27427
85,1643,1643.000,107,5156,6444,6099,6785,10648,11969,19813,32504
86,1272,1272.000,90,6252,9306,7822,10813,12099,13129,17489,21395
87,1854,1854.000,118,6099,6243,5415,6342,6467,6583,9396,10392
88,1884,1884.000,116,6028,6175,5289,6275,6404,6489,7867,9306
89,1828,1828.000,114,6031,6235,5471,6377,6761,7945,11098,12198
90,1865,1865.000,105,6062,6237,5358,6303,6418,7613,8864,10476
91,1882,1882.000,108,6048,6214,5321,6307,6499,6619,9370,10434
92,1889,1889.000,103,6037,6207,5285,6316,6476,6544,7996,9270
93,1876,1876.000,123,6069,6273,5312,6350,6534,6579,9165,9572
94,1877,1877.000,120,6053,6224,5327,6336,6471,6564,9470,10263
95,1868,1868.000,107,6121,6383,5362,6554,6721,6808,8347,9723
96,1821,1821.000,115,6247,6410,5484,6518,6679,6750,9544,9902
97,1858,1858.000,103,6201,6410,5381,6529,6685,6766,9398,10437
98,1857,1857.000,123,6189,6373,5391,6484,6630,6692,8133,9659
99,1812,1812.000,126,6211,6361,5520,6496,6640,6722,9499,11138
100,1779,1779.000,116,6400,6566,5600,6646,6790,6903,8496,9922
101,1804,1804.000,133,6331,6479,5549,6555,6674,6837,9761,10590
102,1809,1809.000,105,6318,6473,5532,6581,6755,6863,8552,9629
103,1845,1845.000,86,6164,6278,5404,6475,6615,6762,8130,9312
104,1899,1899.000,119,6028,6211,5278,6296,6450,6506,9896,11011
105,1850,1850.000,104,5934,6057,5391,6160,6308,6439,16053,18041
106,1937,1937.000,104,5922,6059,5165,6144,6303,6354,7750,10694
107,1910,1910.000,124,5908,6042,5227,6127,6263,6341,9112,10195
108,1975,1975.000,109,5833,5995,5070,6058,6136,6397,7688,8910
109,1941,1941.000,108,5861,6017,5154,6135,6406,6511,8744,9445
110,1684,1684.000,123,6062,6169,5921,6250,6412,10345,24593,32652
111,1961,1961.000,98,5883,6061,5111,6132,6217,6368,9380,10027
112,1900,1900.000,100,5992,6134,5247,6221,6354,6433,7807,9467
113,1945,1945.000,112,5938,6139,5153,6254,6395,6429,7808,9433
114,1598,1598.000,127,6051,6247,6242,6461,9999,12459,23360,41269
115,1242,1242.000,111,5148,9785,8053,11393,12568,12892,18403,18788
116,1941,1941.000,109,5145,5337,5150,6013,6360,6557,19873,29493
117,1852,1852.000,109,6118,6273,5397,6414,6576,6700,9687,10375
118,1777,1777.000,109,6188,6360,5624,6504,6675,9189,11477,13611
119,1852,1852.000,109,6135,6296,5407,6409,6560,7034,8114,9411
120,1846,1846.000,127,6153,6295,5414,6381,6537,6610,9396,9657
121,1879,1879.000,112,6080,6220,5318,6286,6359,6496,9338,10360
122,1886,1886.000,110,6041,6203,5297,6296,6458,6516,9197,10917
123,1896,1896.000,126,6078,6263,5271,6368,6515,6645,9015,9685
124,1875,1875.000,113,6087,6241,5342,6334,6475,6542,9353,10362
125,1890,1890.000,113,6059,6229,5281,6305,6459,6575,9160,9507
126,1868,1868.000,105,6113,6257,5352,6353,6489,6558,7967,11528
127,1849,1849.000,102,6222,6409,5408,6569,6691,6796,9826,11437
128,1799,1799.000,99,6279,6383,5562,6475,6638,6837,9308,9680
129,1898,1898.000,107,6154,6343,5265,6415,6478,6524,8104,9581
130,1827,1827.000,121,6247,6407,5458,6508,6667,6747,9554,9845
131,1805,1805.000,114,6242,6382,5552,6529,6690,7802,11076,17395
132,1788,1788.000,99,6333,6529,5585,6649,6822,6920,8592,9895
133,1768,1768.000,93,6434,6582,5661,6696,6851,6948,10769,12725
134,1784,1784.000,121,6380,6525,5592,6642,6760,6890,9554,10624
135,1810,1810.000,105,6167,6426,5567,6536,6724,6792,9922,18130
136,1858,1858.000,128,5997,6148,5346,6229,6400,6486,11092,19819
137,1923,1923.000,94,5956,6121,5187,6212,6355,6422,9158,10076
138,1961,1961.000,105,5851,6037,5108,6101,6178,6272,8908,9272
139,1951,1951.000,93,5878,6037,5121,6113,6257,6302,7687,10926
140,1928,1928.000,112,5909,6067,5191,6134,6291,6355,7713,9252
141,1751,1751.000,100,5854,6025,5694,6091,6199,9962,20637,26488
142,1929,1929.000,123,5886,6049,5188,6123,6193,6262,8946,9191
143,1732,1732.000,110,5910,6111,5805,6251,9249,11477,19629,25709
144,1182,1182.000,110,6280,9565,8413,10955,12344,14135,17883,18112
145,1883,1883.000,117,6081,6251,5309,6334,6489,6542,7967,9604
146,1783,1783.000,127,6303,6563,5612,6680,6822,6915,9698,11090
147,1733,1733.000,113,6351,6564,5764,6669,6882,10192,12492,14230
148,1905,1905.000,117,5124,5327,5252,6369,6609,7644,20103,20797
149,1874,1874.000,100,6079,6301,5332,6465,6599,6710,9368,9896
150,1775,1775.000,102,6336,6432,5629,6545,6669,6747,8291,10020
151,1858,1858.000,116,6159,6324,5377,6445,6608,6807,9502,10374
152,1891,1891.000,115,6102,6268,5291,6333,6442,6586,9230,9359
153,1894,1894.000,126,6141,6338,5288,6436,6574,6644,8134,9663
154,1914,1914.000,104,6052,6246,5211,6311,6364,6393,9193,10249
155,1878,1878.000,120,6066,6244,5330,6301,6342,6391,8752,11096
156,1879,1879.000,103,6123,6289,5318,6339,6390,6430,7853,11383
157,1885,1885.000,115,6101,6268,5303,6330,6391,6495,9461,10227
158,1873,1873.000,112,6130,6255,5338,6364,6517,6567,7991,9297
159,1862,1862.000,116,6146,6305,5378,6512,6642,6797,8491,9352
160,1789,1789.000,119,6398,6584,5607,6680,6821,6884,9722,11429
161,1803,1803.000,96,6259,6380,5526,6509,6667,6732,9262,10624
162,1832,1832.000,122,6233,6417,5439,6525,6681,6821,9471,9754
163,1822,1822.000,126,6288,6431,5501,6490,6598,6690,8186,9708
164,1818,1818.000,106,6309,6446,5492,6588,6755,6865,9756,11572
165,1811,1811.000,104,6330,6502,5530,6592,6763,6854,8565,9985
166,1751,1751.000,115,6376,6500,5708,6595,6743,7163,12543,12973
167,1830,1830.000,130,6080,6219,5446,6324,6468,7619,10626,21154
168,1914,1914.000,99,5987,6119,5231,6180,6232,6268,7772,9107
169,1933,1933.000,111,5948,6105,5173,6177,6236,6275,7607,9252
170,1975,1975.000,107,5914,6086,5066,6164,6234,6321,7905,9161
171,1954,1954.000,105,5871,6007,5111,6076,6150,6234,8819,10081
172,1744,1744.000,99,5980,6158,5735,6218,6431,9402,26406,32315
173,1231,1231.000,111,6216,9212,8119,10687,11798,13589,19676,25683
174,1692,1692.000,101,6064,6198,5909,6405,9640,10778,12261,13994
175,1909,1909.000,110,5983,6105,5238,6192,6335,6371,7756,9006
176,1881,1881.000,99,5999,6167,5332,6305,6478,6554,9632,11801
177,1755,1755.000,98,6181,6296,5679,6459,7760,9721,11132,12694
178,1821,1821.000,95,6218,6338,5480,6569,6658,7691,8407,9381
179,1774,1774.000,108,6429,6586,5636,6692,6819,6911,9756,9965
180,2010,2010.000,100,5189,5493,4975,6541,6691,6806,8293,8524
181,1844,1844.000,111,5200,6090,5439,6274,6573,7197,20344,25829
182,1822,1822.000,110,6216,6345,5479,6480,6693,7113,9495,10985
183,1897,1897.000,108,6128,6297,5270,6404,6579,6678,7991,9290
184,1870,1870.000,116,6094,6210,5348,6295,6450,6550,9164,10298
185,1900,1900.000,115,6058,6220,5254,6327,6482,6548,7977,9504
186,1893,1893.000,108,6064,6205,5288,6307,6461,6518,8902,9431
187,1876,1876.000,115,6051,6213,5322,6330,6468,6517,10230,10779
188,1912,1912.000,115,6030,6193,5226,6252,6341,6460,7881,9259
189,1875,1875.000,120,6098,6231,5335,6313,6469,6550,8013,9195
190,1893,1893.000,127,6086,6253,5284,6323,6517,6626,9357,10256
191,1929,1929.000,115,6005,6197,5178,6259,6378,6487,9238,9506
192,1801,1801.000,91,6238,6473,5560,6611,6792,7062,8914,9991
193,1859,1859.000,133,6245,6427,5378,6546,6684,6769,8334,9559
194,1839,1839.000,104,6205,6376,5440,6476,6629,6709,9535,10846
195,1843,1843.000,114,6168,6366,5404,6552,6774,7123,8522,9760
196,1861,1861.000,101,6229,6376,5384,6482,6628,6677,8265,9519
197,1702,1702.000,110,6311,6485,5917,6614,6800,8166,18470,27191
198,1807,1807.000,90,6317,6448,5479,6568,6702,6787,8330,9614
199,1880,1880.000,123,6107,6250,5340,6473,6594,6737,8293,9421
200,1877,1877.000,117,6065,6222,5319,6311,6474,6517,8037,9404
201,1919,1919.000,111,5943,6128,5200,6206,6373,6446,8882,10344
202,1285,1285.000,122,6008,6290,7794,10741,12466,15373,24455,26938
203,1481,1481.000,107,6160,6292,6762,9468,11148,12236,17889,19868
204,1892,1892.000,112,5963,6077,5263,6241,6339,6470,9279,10162
205,1966,1966.000,106,5864,6052,5090,6147,6276,6350,7728,9115
206,1824,1824.000,119,5983,6130,5484,6265,7518,8836,10777,17334
207,1869,1869.000,128,6054,6208,5359,6311,6452,6796,9028,11673
208,1871,1871.000,106,6015,6158,5344,6302,6459,6630,9239,11903
209,1879,1879.000,129,6097,6243,5312,6347,6440,6498,9291,9540
210,1853,1853.000,123,6192,6341,5392,6449,6589,6646,8117,9614
211,1796,1796.000,106,6406,6583,5578,6680,6842,6950,9868,11266
212,1810,1810.000,97,6293,6495,5512,6607,6728,6823,9572,9779
213,1917,1917.000,88,5191,5377,5211,5830,6388,6852,19991,20732
214,1849,1849.000,106,6140,6314,5412,6453,6621,6715,9366,10263
215,1854,1854.000,123,6203,6372,5390,6459,6604,6736,8049,9553
216,1848,1848.000,119,6175,6359,5411,6487,6621,6901,9514,10801
217,1862,1862.000,107,6160,6316,5375,6410,6578,6655,9419,10303
218,1896,1896.000,114,6094,6264,5267,6368,6539,6590,9083,10887
219,1893,1893.000,107,6073,6243,5277,6322,6478,6527,7933,9320
220,1845,1845.000,114,6134,6255,5429,6323,6399,6546,8041,9446
221,1886,1886.000,110,6087,6250,5295,6385,6494,6592,9259,10152
222,1846,1846.000,132,6137,6261,5414,6343,6506,6598,9365,9657
223,1840,1840.000,132,6173,6316,5432,6425,6567,6695,9244,9799
224,1866,1866.000,122,6119,6274,5354,6386,6545,6614,9346,10419
225,1819,1819.000,113,6290,6540,5508,6661,6840,7114,8731,9985
226,1832,1832.000,99,6281,6425,5444,6578,6718,6860,8436,9843
227,1809,1809.000,122,6263,6419,5532,6484,6588,6757,9536,10439
228,1717,1717.000,118,6287,6440,5834,6605,6796,7976,23463,30218
229,1782,1782.000,118,6418,6554,5610,6668,6822,7064,8483,10056
230,1785,1785.000,101,6405,6563,5603,6698,6854,7030,9315,13022
231,1356,1356.000,118,6433,6603,7377,9104,12731,14810,22461,40950
232,1374,1374.000,108,5940,6654,7253,10250,11573,12868,17299,17444
233,1924,1924.000,108,5894,6074,5199,6173,6333,6439,9342,11801
234,1890,1890.000,120,5955,6092,5288,6239,6347,6455,8758,10184
235,1797,1797.000,109,6078,6225,5563,6322,7486,8608,12058,14783
236,1833,1833.000,94,6075,6241,5458,6310,6535,7935,10875,11014
237,1930,1930.000,109,5960,6117,5169,6214,6352,6417,8912,10337
238,1830,1830.000,103,5977,6100,5477,6254,6374,7574,11940,18800
239,1844,1844.000,127,6085,6190,5422,6274,6415,6490,9243,9295
240,1926,1926.000,115,6002,6181,5188,6307,6418,6541,7837,9562
241,1879,1879.000,128,6104,6267,5312,6375,6516,6595,9284,10500
242,1819,1819.000,95,6215,6321,5508,6418,6545,6601,9235,9756
243,1798,1798.000,116,6380,6614,5545,6706,6832,6919,9965,12512
244,1750,1750.000,125,6458,6594,5728,6703,6867,7055,9827,10781
245,2038,2038.000,107,5106,5326,4899,5624,6548,6717,20573,33495
246,1885,1885.000,88,5990,6185,5306,6360,6442,6517,8994,9549
247,1869,1869.000,120,6193,6380,5357,6473,6590,6740,9612,10623
248,1906,1906.000,113,6067,6247,5240,6359,6492,6595,9015,9790
249,1885,1885.000,103,6068,6229,5305,6319,6479,6562,7893,9752
250,1855,1855.000,99,6140,6264,5388,6326,6465,6525,7967,9379
251,1905,1905.000,116,6005,6177,5243,6236,6369,6414,9207,10193
252,1903,1903.000,107,6008,6168,5250,6259,6426,6503,7744,9434
253,1884,1884.000,112,6071,6244,5308,6310,6470,6509,9298,9456
254,1914,1914.000,125,6018,6199,5233,6266,6352,6432,9997,11210
255,1914,1914.000,107,6013,6179,5224,6266,6402,6471,7917,9518
256,1911,1911.000,105,6023,6201,5226,6283,6462,6521,7947,9695
257,1858,1858.000,95,6135,6288,5373,6446,6631,6735,9686,10147
258,1816,1816.000,123,6267,6436,5519,6562,6755,6913,9262,9875
259,1703,1703.000,106,6258,6381,5864,6506,6682,7927,26513,32847
260,1537,1537.000,120,6298,6422,6597,6608,9794,15234,26874,35279
261,1104,1104.000,134,8785,9463,8927,10821,12011,13486,18732,23263
262,1941,1941.000,111,5907,6075,5147,6155,6284,6332,7769,10659
263,1949,1949.000,114,5914,6093,5127,6190,6329,6382,7672,10764
264,1823,1823.000,123,5876,6059,5481,6189,7496,10322,11570,17874
265,1929,1929.000,104,5918,6081,5196,6163,6347,7447,8372,9249
266,1945,1945.000,112,5939,6148,5141,6284,6462,6549,8050,9462
267,1893,1893.000,111,6060,6235,5272,6325,6503,6587,9423,10411
268,1932,1932.000,100,5969,6118,5180,6215,6256,6318,8815,9392
269,1915,1915.000,99,5923,6091,5211,6175,6344,6432,9877,15672
270,1940,1940.000,111,5988,6181,5161,6287,6423,6503,7849,9507
271,1878,1878.000,100,6023,6154,5325,6240,6390,6475,9247,10197
272,1908,1908.000,89,6000,6133,5237,6300,6462,6529,7906,9592
273,1858,1858.000,112,6141,6270,5392,6347,6479,6548,8027,9530
274,1871,1871.000,118,6083,6261,5338,6361,6567,6765,9639,10788
275,1788,1788.000,122,6405,6562,5591,6676,6822,6900,8714,10051
276,1765,1765.000,123,6406,6540,5664,6610,6743,6846,9802,11473
277,1943,1943.000,110,5151,5308,5134,5569,6547,7990,20010,20528
278,1927,1927.000,102,5973,6166,5195,6330,6515,6664,8211,9371
279,1823,1823.000,125,6241,6383,5477,6490,6609,6706,8301,9724
280,1859,1859.000,120,6156,6297,5380,6413,6547,6634,9138,10190
281,1872,1872.000,127,6075,6201,5344,6286,6446,6551,7947,11132
282,1906,1906.000,125,6044,6217,5249,6308,6441,6488,7939,9233
283,1895,1895.000,116,6053,6218,5270,6281,6404,6484,7837,9425
284,1876,1876.000,109,6012,6167,5325,6254,6442,6630,10093,14653
285,1920,1920.000,120,5994,6176,5210,6263,6433,6499,7864,9462
286,1884,1884.000,93,6087,6241,5298,6304,6455,6514,7784,9530
287,1873,1873.000,127,6031,6189,5339,6302,6450,6530,9596,10576
288,1893,1893.000,106,6045,6176,5292,6256,6402,6460,9180,9576
289,1422,1422.000,101,6104,6232,7045,6489,11318,19312,36696,49013
290,1119,1119.000,118,6775,10070,8918,11574,12795,14001,16376,18384
291,1827,1827.000,122,6202,6442,5462,6541,6700,6785,9619,10525
292,1922,1922.000,99,5988,6126,5211,6228,6374,6427,7931,9183
293,1842,1842.000,100,6037,6193,5422,6278,6481,8929,10832,13431
294,1883,1883.000,132,5979,6132,5310,6241,6460,7646,9001,11702
295,1902,1902.000,112,5914,6081,5256,6162,6322,7491,11768,16539
296,1916,1916.000,102,5947,6088,5223,6162,6307,6372,9282,10522
297,1916,1916.000,134,5956,6102,5215,6231,6345,6421,9018,10345
298,1914,1914.000,110,5967,6139,5220,6247,6409,6480,8691,9269
299,1908,1908.000,123,6050,6247,5241,6330,6544,6671,7899,9412
300,1877,1877.000,133,5971,6130,5320,6290,6461,6597,11877,13049
301,1931,1931.000,126,5929,6105,5178,6194,6354,6459,9268,10357
302,1905,1905.000,118,6021,6177,5247,6290,6422,6490,7910,9353
303,1882,1882.000,123,6043,6196,5309,6290,6439,6508,7794,9436
304,1926,1926.000,124,5983,6165,5197,6280,6445,6536,8995,10283
305,1905,1905.000,105,6057,6236,5251,6323,6499,6559,9193,9711
306,1861,1861.000,104,6156,6306,5377,6501,6624,6766,9000,9639
307,1781,1781.000,107,6414,6557,5608,6695,6834,7048,10007,10652
308,1799,1799.000,96,6359,6500,5564,6615,6768,6878,8517,9671
309,1909,1909.000,104,5172,5301,5228,5490,6550,6942,19978,21195
310,1902,1902.000,103,5955,6212,5256,6294,6380,6510,8992,10285
311,1832,1832.000,119,6207,6377,5453,6491,6660,6743,9277,9586
312,1835,1835.000,106,6212,6368,5458,6455,6631,6726,8097,9541
313,1852,1852.000,117,6196,6327,5396,6432,6589,6643,8106,9844
314,1882,1882.000,128,6088,6282,5320,6418,6551,6618,9386,10195
315,1882,1882.000,119,6099,6259,5303,6366,6484,6573,8033,9432
316,1870,1870.000,103,6109,6263,5351,6341,6443,6556,9267,11810
317,1887,1887.000,131,6032,6224,5293,6281,6361,6423,9334,10222
318,1726,1726.000,95,6091,6241,5819,6378,6567,9294,27391,39500
319,968,968.000,128,9412,10959,10276,12393,15673,18722,37283,45302
320,1673,1673.000,116,6270,6440,5989,6662,9474,11260,13728,18687
321,1815,1815.000,133,6332,6516,5509,6619,6779,6857,8466,9825
322,1780,1780.000,121,6376,6512,5613,6623,6789,6862,8703,9908
323,1706,1706.000,104,6458,6600,5859,6751,8153,9521,11574,12390
324,1800,1800.000,107,6155,6289,5537,6555,6767,7616,9254,10405
325,1828,1828.000,129,6059,6200,5466,6281,6406,6477,13659,17668
326,1921,1921.000,111,5987,6159,5211,6259,6401,6455,7902,9240
327,1935,1935.000,122,5918,6101,5171,6234,6359,6434,8991,10239
328,1943,1943.000,101,5838,6025,5141,6118,6276,6343,9314,10678
329,1941,1941.000,125,5921,6092,5145,6186,6316,6369,7727,9464
330,1918,1918.000,105,5967,6140,5221,6273,6398,6474,8647,10487
331,1886,1886.000,100,6009,6217,5300,6317,6454,7710,11895,13316
332,1940,1940.000,111,5926,6088,5164,6186,6313,6392,8738,10602
333,1901,1901.000,100,5987,6134,5260,6208,6309,6435,9011,9343
334,1939,1939.000,121,5908,6119,5145,6216,6377,6461,8932,10415
335,1882,1882.000,118,6027,6188,5308,6272,6429,6481,7831,9267
336,1906,1906.000,114,6019,6159,5254,6260,6415,6485,8703,9346
337,1886,1886.000,95,6055,6251,5304,6343,6541,6592,9149,10374
338,1893,1893.000,103,6072,6269,5273,6366,6551,6708,8970,9709
339,1816,1816.000,107,6240,6427,5510,6626,6801,7151,9568,16762
340,1745,1745.000,110,6469,6612,5727,6724,6922,7138,10342,10558
341,1800,1800.000,125,6306,6503,5548,6619,6779,6872,8385,9873
342,1940,1940.000,132,5104,5293,5171,5467,6361,7863,19978,20388
343,1832,1832.000,99,6153,6327,5454,6467,6620,6779,9333,10660
344,1834,1834.000,117,6184,6368,5445,6470,6609,6724,9549,10605
345,1859,1859.000,119,6094,6276,5380,6391,6549,6632,8066,9635
346,1884,1884.000,86,6075,6248,5300,6356,6494,6586,8174,9291
347,1867,1867.000,120,6095,6265,5347,6392,6520,6603,8981,10271
348,1067,1067.000,103,6241,9533,9419,11603,15004,23783,34153,36144
349,1458,1458.000,108,6436,6610,6839,8362,11537,13025,18472,18650
350,1825,1825.000,117,6252,6412,5471,6532,6694,6817,8252,9768
351,1859,1859.000,115,6161,6381,5386,6499,6637,6822,10302,11874
352,1725,1725.000,127,6313,6420,5801,6615,6984,8425,12564,18056
353,1785,1785.000,96,6350,6516,5582,6668,6827,7013,9353,11900
354,1765,1765.000,105,6432,6581,5661,6695,6858,6975,9866,10551
355,1789,1789.000,126,6381,6540,5581,6661,6831,6972,8596,9765
356,1763,1763.000,94,6207,6484,5684,6610,6845,7279,22843,27301
357,1867,1867.000,104,6054,6217,5351,6345,6482,6528,9917,10319
358,1932,1932.000,114,5932,6106,5179,6202,6326,6383,7645,9381
359,1925,1925.000,105,5931,6094,5192,6187,6346,6450,9124,9380
360,1935,1935.000,98,5937,6106,5163,6211,6341,6409,7749,9496
361,1916,1916.000,105,5842,6030,5221,6125,6308,6400,12096,16659
362,1920,1920.000,131,5962,6207,5196,6287,6457,6530,9189,10951
363,1885,1885.000,107,6082,6262,5306,6344,6515,6590,9140,9339
364,1891,1891.000,136,5940,6102,5284,6271,6429,6493,8990,10214
365,1966,1966.000,112,5876,6074,5096,6149,6286,6341,7699,9243
366,1922,1922.000,100,5959,6122,5205,6225,6369,6416,7843,9192
367,1891,1891.000,100,5982,6143,5281,6222,6386,6510,9346,10138
368,1904,1904.000,112,5975,6100,5248,6173,6316,6441,8532,9263
369,1868,1868.000,92,6068,6231,5353,6359,6518,6575,7983,9547
370,1859,1859.000,105,6107,6275,5390,6365,6514,6587,8002,13327
371,1864,1864.000,102,6114,6268,5348,6378,6539,6632,8001,9691
372,1756,1756.000,122,6436,6577,5698,6714,6834,6925,9897,11439
373,1796,1796.000,110,6401,6582,5576,6685,6828,6911,8647,9983
374,1979,1979.000,128,5122,5354,5073,6437,6660,6827,19825,32668
375,1924,1924.000,120,5206,6082,5163,6241,6403,6477,12053,19789
376,1863,1863.000,109,6197,6384,5363,6497,6660,6751,8084,9523
377,1267,1267.000,109,6307,6462,7922,9600,13688,18042,32903,42070
378,1306,1306.000,106,6156,6461,7626,10611,12175,14859,17828,19139
379,1832,1832.000,128,6133,6262,5470,6356,6518,6650,8042,9547
380,1861,1861.000,110,6113,6261,5369,6400,6555,6632,9235,11908
381,1812,1812.000,112,6062,6236,5527,6446,7529,8228,12005,17459
382,1777,1777.000,124,6289,6440,5611,6596,6760,7990,9938,13198
383,1817,1817.000,118,6285,6437,5508,6501,6579,6676,8267,9639
384,1809,1809.000,111,6283,6440,5528,6541,6697,6793,8511,13576
385,1841,1841.000,102,6229,6404,5428,6524,6674,6782,9470,9821
386,1792,1792.000,93,6407,6585,5591,6703,6852,6975,9739,10136
387,1700,1700.000,126,6200,6510,5868,6650,6980,8395,16323,21693
388,1908,1908.000,108,6018,6179,5239,6244,6367,6445,7853,9498
389,1924,1924.000,128,5966,6166,5182,6235,6382,6483,8709,9344
390,1894,1894.000,111,6004,6146,5299,6254,6398,6466,7791,9334
391,1922,1922.000,112,5905,6078,5202,6166,6336,6508,9569,11587
392,1875,1875.000,100,5910,6083,5311,6191,6319,6422,12711,18174
393,1898,1898.000,134,5958,6108,5276,6212,6355,6409,8577,9376
394,1919,1919.000,117,5962,6199,5218,6296,6456,6515,8832,10091
395,1866,1866.000,123,6070,6217,5363,6284,6437,6495,7910,9359
396,1930,1930.000,109,5957,6191,5167,6315,6464,6512,9480,9695
397,1967,1967.000,109,5868,6078,5087,6152,6219,6378,8913,9882
398,1948,1948.000,107,5871,6078,5133,6162,6322,6388,8825,9275
399,1907,1907.000,131,5988,6160,5244,6269,6375,6482,7807,9343
400,1900,1900.000,121,5969,6145,5250,6239,6378,6437,9350,10216
401,1922,1922.000,126,5962,6128,5194,6271,6403,6502,7799,9292
402,1893,1893.000,126,6047,6236,5277,6376,6534,6681,7917,9384
403,1877,1877.000,96,6120,6311,5342,6372,6465,6541,9165,9443
404,1825,1825.000,136,6242,6448,5479,6562,6637,6672,9558,10326
405,1775,1775.000,109,6388,6538,5636,6628,6766,6903,8614,9639
406,1417,1417.000,117,6406,6567,7094,6741,11046,16899,27799,35032
407,1214,1214.000,105,6198,9318,8179,10928,12142,13435,17478,17721
408,1913,1913.000,116,6011,6177,5245,6287,6414,6474,7973,9545
409,1913,1913.000,118,6010,6216,5220,6292,6354,6388,7776,9314
410,1820,1820.000,96,6074,6249,5487,6338,6567,8944,10893,11224
411,1897,1897.000,87,6040,6261,5256,6373,6538,6590,8038,9497
412,1802,1802.000,110,6123,6236,5559,6313,6424,7854,11374,12858
413,1840,1840.000,106,6281,6554,5430,6676,6789,6909,8650,9910
414,1841,1841.000,106,6212,6399,5429,6521,6671,6779,9437,10466
415,1856,1856.000,108,6183,6398,5386,6495,6621,6709,9597,11311
416,1799,1799.000,107,6298,6438,5564,6575,6710,6800,8371,9873
417,1828,1828.000,118,6268,6492,5474,6651,6777,6934,9566,10777
418,1729,1729.000,86,6289,6473,5777,6623,6841,8182,19913,26792
419,1852,1852.000,116,6113,6236,5389,6377,6514,6613,9214,10520
420,1892,1892.000,121,6028,6208,5288,6287,6460,6500,9183,10352
421,1903,1903.000,122,5965,6127,5251,6232,6381,6446,8709,11669
422,1947,1947.000,118,5895,6091,5135,6179,6335,6378,7847,9127
423,1887,1887.000,127,5900,6076,5289,6180,6363,7493,11723,13370
424,1934,1934.000,129,5876,6041,5164,6114,6196,6308,8890,10080
425,1931,1931.000,124,5895,6049,5189,6228,6345,6470,7610,13979
426,1909,1909.000,106,6047,6237,5231,6327,6454,6509,7922,9436
427,1878,1878.000,102,6064,6211,5337,6300,6441,6491,9055,10464
428,1975,1975.000,106,5833,6028,5063,6107,6207,6275,9055,10936
429,1912,1912.000,130,5933,6103,5207,6178,6341,6423,7677,9065
430,1940,1940.000,114,5907,6101,5169,6196,6362,7006,9888,10757
431,1917,1917.000,115,5943,6132,5207,6195,6250,6297,7890,10733
432,1950,1950.000,120,5911,6114,5133,6185,6247,6300,8013,9191
433,1892,1892.000,116,6053,6222,5278,6281,6341,6513,9199,13268
434,1907,1907.000,125,6054,6233,5251,6292,6352,6504,8051,9568
435,1605,1605.000,130,6075,6248,6245,6378,7866,13561,28355,34218
436,1076,1076.000,120,9453,10001,9294,11341,12684,15472,18865,21610
437,1827,1827.000,104,6113,6297,5443,6410,6688,7889,11172,15372
438,1849,1849.000,94,6146,6288,5414,6390,6553,6613,8024,9719
439,1773,1773.000,115,6153,6281,5645,6423,6587,8272,11758,17975
440,1837,1837.000,126,6158,6302,5440,6422,6605,7889,9210,11674
441,1880,1880.000,112,6086,6287,5322,6385,6520,6682,9180,9520
442,1892,1892.000,110,6083,6281,5279,6382,6532,6620,8121,9738
443,1838,1838.000,108,6155,6325,5437,6447,6608,6872,12604,12928
444,1790,1790.000,124,6265,6490,5579,6632,6830,7562,10170,10533
445,1775,1775.000,120,6337,6428,5630,6617,6740,6996,8369,9887
446,1846,1846.000,94,6274,6446,5428,6520,6639,6740,8204,9751
447,1835,1835.000,114,6245,6415,5442,6480,6529,6593,9432,10356
448,1792,1792.000,100,6158,6368,5586,6427,6543,8086,15604,30177
449,1779,1779.000,109,6364,6525,5608,6585,6673,6951,9729,11474
450,1856,1856.000,109,6181,6309,5394,6540,6619,6679,8595,10367
451,1899,1899.000,126,6009,6182,5261,6258,6422,6467,8027,10353
452,1903,1903.000,122,6016,6159,5253,6230,6390,6464,7717,9168
453,1859,1859.000,116,5985,6153,5369,6256,6413,7544,11782,13111
454,1962,1962.000,120,5832,6026,5101,6102,6277,6406,9915,10482
455,1939,1939.000,114,5901,6046,5155,6144,6281,6370,7657,9183
456,1922,1922.000,102,5926,6063,5208,6154,6262,6351,7670,9238
457,1898,1898.000,91,6035,6206,5271,6279,6375,6462,9129,10188
458,1898,1898.000,116,6029,6199,5255,6250,6430,6506,7874,9668
459,1943,1943.000,121,5923,6110,5150,6211,6273,6486,8496,10430
460,1941,1941.000,114,5900,6085,5145,6145,6195,6240,8932,10066
461,1945,1945.000,105,5899,6074,5150,6147,6279,6421,7658,9130
462,1889,1889.000,136,6056,6213,5298,6295,6474,6539,7955,9227
463,1900,1900.000,127,5999,6164,5257,6253,6404,6471,9536,10123
464,1788,1788.000,120,5987,6128,5627,6235,6335,9074,16110,28971
465,1067,1067.000,132,7973,9523,9318,11012,13340,17885,29937,36611
466,1773,1773.000,108,6210,6407,5624,6546,6733,9495,11691,12102
467,1860,1860.000,118,6205,6378,5386,6477,6633,6699,9337,10415
468,1775,1775.000,89,6172,6305,5632,6425,6658,9511,11955,14990
469,1825,1825.000,127,6192,6360,5472,6519,6672,7835,8233,9777
470,1905,1905.000,116,6074,6312,5246,6421,6612,7037,9476,10493
471,1858,1858.000,91,6085,6217,5388,6324,6561,6858,9188,10252
472,1901,1901.000,110,6085,6245,5260,6350,6465,6542,8108,9542
473,1848,1848.000,112,6162,6288,5405,6391,6553,6622,9484,9799
474,1890,1890.000,95,6055,6226,5293,6299,6381,6576,11076,18321
475,1869,1869.000,107,6141,6297,5342,6477,6636,6769,8050,9360
476,1789,1789.000,100,6393,6569,5593,6691,6848,6925,8387,10490
477,1806,1806.000,98,6278,6391,5529,6501,6681,6907,9469,10549
478,1816,1816.000,104,6279,6407,5513,6561,6737,6998,9576,9707
479,1679,1679.000,112,6344,6467,5950,6636,6838,8692,21876,24197
480,1817,1817.000,102,6377,6522,5509,6650,6799,6911,9931,10471
481,1844,1844.000,97,6107,6381,5418,6519,6691,6753,8397,9654
482,1919,1919.000,101,6031,6187,5201,6282,6424,6484,7888,9424
483,1891,1891.000,109,6058,6186,5293,6260,6417,6486,9041,9543
484,1888,1888.000,111,5920,6088,5292,6228,6376,7608,14222,16426
485,1977,1977.000,117,5864,6042,5058,6130,6272,6322,7678,9091
486,1902,1902.000,113,5946,6071,5255,6150,6303,6355,8488,13770
487,1965,1965.000,87,5854,6024,5087,6106,6190,6405,9021,10067
488,1880,1880.000,101,5942,6163,5322,6267,6633,7508,9280,10613
489,1912,1912.000,91,6049,6230,5227,6296,6409,6503,7900,9428
490,1915,1915.000,111,5978,6209,5226,6271,6441,6511,9098,10780
491,1917,1917.000,109,5926,6054,5212,6109,6166,6283,7661,9085
492,1949,1949.000,119,5948,6133,5123,6223,6386,6425,7723,9194
493,1909,1909.000,99,5987,6150,5246,6257,6365,6459,9801,12109
494,1020,1020.000,101,7695,10328,9867,12589,15540,18549,23078,23748
495,1550,1550.000,94,6424,6593,6407,6852,10993,12366,15615,18583
496,1932,1932.000,97,5177,6402,5170,6578,6748,6816,8570,8676
497,1872,1872.000,104,5176,5446,5354,6058,6344,9185,19834,23420
498,1779,1779.000,110,6086,6288,5609,6467,6882,8165,16340,19168
499,1882,1882.000,115,6157,6320,5318,6410,6565,6642,8109,9530
500,1869,1869.000,110,6088,6255,5347,6359,6508,6801,9625,10252
501,1900,1900.000,132,6050,6223,5257,6295,6445,6507,7958,9406
502,1897,1897.000,102,6036,6201,5265,6299,6457,6509,8064,9534
503,1910,1910.000,121,6009,6200,5236,6308,6479,6571,9354,9518
504,1899,1899.000,129,6024,6190,5261,6266,6416,6472,9274,10402
505,1870,1870.000,105,6050,6225,5351,6330,6482,6575,12369,13360
506,1896,1896.000,90,6059,6228,5291,6343,6486,6597,9278,9637
507,1810,1810.000,112,6198,6398,5507,6539,6690,6846,9512,10282
508,1807,1807.000,98,6253,6366,5535,6519,6647,6748,9356,9836
509,1843,1843.000,127,6231,6398,5424,6515,6689,6779,8342,9728
510,1677,1677.000,117,6335,6505,5960,6665,6842,10174,21725,28858
511,1800,1800.000,114,6336,6477,5551,6602,6742,6884,8540,9889
512,1811,1811.000,119,6353,6486,5530,6588,6683,6802,8315,9857
513,1900,1900.000,120,6046,6218,5259,6357,6551,6639,9557,11313
514,1901,1901.000,97,5999,6159,5257,6221,6380,6467,9313,10070
515,1863,1863.000,106,5918,6072,5367,6147,6262,7538,11744,18136
516,1925,1925.000,112,5930,6097,5197,6182,6370,6447,7720,9136
517,1909,1909.000,115,5907,6017,5218,6112,6318,6458,9050,10458
518,1960,1960.000,99,5853,6038,5108,6145,6281,6352,8459,9179
519,1927,1927.000,123,5918,6087,5202,6221,6346,6468,7885,9193
520,1892,1892.000,114,6003,6189,5273,6268,6442,6540,9426,10172
521,1885,1885.000,113,6039,6197,5316,6262,6377,6465,8066,9257
522,1931,1931.000,109,5943,6131,5173,6237,6381,6435,7713,9166
523,1218,1218.000,119,6089,9259,8204,10992,13267,15355,18025,21622
524,1662,1662.000,119,6081,6245,6022,6456,9699,11065,13152,17477
525,1899,1899.000,107,6031,6258,5249,6351,6518,6584,7988,9561
526,1775,1775.000,128,6230,6462,5641,6624,6814,7860,11451,14391
527,1685,1685.000,113,6455,6593,5916,6723,7801,8512,12801,18649
528,1953,1953.000,115,5161,5426,5135,6541,6706,6829,20620,21095
529,1871,1871.000,128,5274,6262,5348,6379,6570,6762,19905,28787
530,1795,1795.000,119,6273,6427,5548,6568,6734,6979,9747,12120
531,1885,1885.000,128,6141,6354,5318,6480,6612,6742,8346,9523
532,1872,1872.000,103,6124,6337,5349,6471,6633,6823,9431,9726
533,1818,1818.000,102,6242,6384,5494,6492,6628,6744,8196,11171
534,1889,1889.000,118,6045,6256,5273,6373,6541,6622,9234,10313
535,1832,1832.000,97,6128,6295,5479,6430,6593,7807,12570,13308
536,1857,1857.000,109,6157,6333,5382,6450,6574,6666,9430,9779
537,1852,1852.000,111,6109,6282,5404,6405,6584,6759,10077,16702
538,1892,1892.000,97,6071,6291,5269,6399,6533,6645,8035,9406
539,1780,1780.000,116,6294,6597,5623,6702,6850,7021,8524,10056
540,1783,1783.000,125,6287,6448,5592,6589,6710,6935,12691,14004
541,1671,1671.000,128,6340,6500,5996,6605,6722,8040,24380,26943
542,1772,1772.000,127,6381,6549,5646,6636,6801,6945,9234,9803
543,1753,1753.000,102,6395,6583,5685,6707,6851,6943,8474,10091
544,1820,1820.000,99,6291,6486,5515,6566,6684,6804,9536,10930
545,1934,1934.000,118,5975,6178,5156,6251,6389,6462,7949,9283
546,1887,1887.000,100,5991,6170,5307,6273,6429,6562,14350,18697
547,1892,1892.000,107,5942,6084,5270,6170,6340,6420,10012,10490
548,1910,1910.000,121,5936,6052,5246,6135,6266,6326,7824,9250
549,1954,1954.000,128,5886,6062,5116,6141,6290,6362,7684,9163
550,1900,1900.000,124,5952,6103,5247,6198,6351,6436,9164,10251
551,1953,1953.000,119,5896,6061,5122,6209,6349,6445,7718,9274
552,1299,1299.000,108,6176,6544,7696,10674,11912,13406,20404,22537
553,1577,1577.000,120,6106,6269,6356,8817,10642,11753,14578,18657
554,1914,1914.000,121,5968,6158,5208,6262,6422,6492,9325,10198
555,1902,1902.000,98,5983,6111,5262,6233,6345,6414,7996,9328
556,1788,1788.000,105,6138,6295,5596,6398,7673,9330,11050,12148
557,1848,1848.000,118,6164,6333,5413,6454,6614,7640,9437,12224
558,1829,1829.000,110,6290,6527,5468,6658,6819,6890,8496,10436
559,1781,1781.000,126,6422,6606,5598,6714,6868,6970,9762,9983
560,1928,1928.000,110,5177,5438,5181,6519,6754,7003,19910,25324
561,1896,1896.000,103,5460,6207,5287,6340,6511,6648,9181,10426
562,1841,1841.000,116,6227,6400,5429,6517,6687,6871,9234,9587
563,1857,1857.000,105,6213,6399,5388,6519,6676,6768,8098,9785
564,1852,1852.000,96,6138,6306,5389,6430,6569,6626,9115,10567
565,1853,1853.000,118,6177,6340,5401,6423,6591,6655,8154,9383
566,1788,1788.000,119,6170,6314,5599,6430,6647,8004,13604,14457
567,1864,1864.000,110,6109,6287,5343,6412,6550,6620,9358,10479
568,1892,1892.000,98,6062,6251,5296,6357,6490,6571,8133,9437
569,1859,1859.000,118,6146,6306,5386,6459,6584,6652,8206,9540
570,1868,1868.000,109,6128,6305,5331,6404,6569,6648,9308,10435
571,1790,1790.000,119,6214,6472,5676,6602,6768,8190,13521,24418
572,1724,1724.000,113,6265,6418,5716,6523,6662,8077,21227,26042
573,1840,1840.000,118,6322,6524,5443,6657,6828,6934,8698,9514
574,1828,1828.000,126,6328,6532,5464,6635,6799,6864,9875,10556
575,1793,1793.000,108,6369,6515,5569,6611,6771,6850,8331,9934
576,1791,1791.000,118,6398,6545,5582,6647,6772,6833,9714,10283
577,1828,1828.000,93,6044,6183,5478,6335,6569,8003,12109,19817
578,1887,1887.000,120,6006,6121,5292,6203,6344,6407,7848,10223
579,1913,1913.000,106,5939,6090,5221,6200,6324,6425,8702,9489
580,1978,1978.000,113,5886,6066,5063,6163,6309,6364,7671,13017
581,1657,1657.000,123,5926,6045,6046,6276,10874,12295,15122,15665
582,1242,1242.000,116,6258,9350,8029,10793,12233,14945,17979,20079
583,1883,1883.000,100,6020,6156,5316,6297,6458,6849,10826,12065
584,1923,1923.000,103,5938,6094,5192,6169,6349,6385,8797,10188
585,1841,1841.000,120,5979,6127,5429,6270,7059,9284,10765,12066
586,1894,1894.000,114,6065,6232,5285,6310,6491,7600,9069,9447
587,1923,1923.000,127,5980,6159,5199,6236,6322,6420,7855,13298
588,1882,1882.000,111,6100,6264,5313,6379,6527,6612,9446,9694
589,1872,1872.000,113,6170,6352,5326,6470,6597,6664,8214,9633
590,1758,1758.000,114,6365,6607,5686,6708,6855,6984,10784,17690
591,1810,1810.000,130,6367,6549,5536,6656,6784,6868,8613,10123
592,1970,1970.000,117,5149,5315,5075,5546,6540,6785,21455,34253
593,1875,1875.000,117,6110,6276,5327,6438,6571,6702,8486,9809
594,1873,1873.000,112,6159,6330,5336,6436,6620,6720,9338,10681
595,1896,1896.000,126,6077,6237,5276,6315,6469,6532,9419,9741
596,1819,1819.000,104,6172,6253,5486,6325,6485,6577,9248,9568
597,1796,1796.000,120,6064,6237,5569,6340,6505,7815,12647,13837
598,1920,1920.000,92,5981,6149,5206,6241,6407,6502,7842,9364
599,1898,1898.000,116,6053,6240,5228,6313,6459,6520,7935,9623
